document_name,brief_summary,extraction_method
 DEF 14A - 04_11_2024 - Exxon Mobil Corporation.pdf,"This document is a Definitive Proxy Statement (Schedule 14A) for Exxon Mobil Corporation's 2024 Annual Meeting of Shareholders. It provides notice of the virtual meeting scheduled for May 29, 2024, outlining the agenda which includes the election of directors, ratification of independent auditors, an advisory vote on executive compensation, and four shareholder proposals. The letter from the Chairman and CEO, Darren W. Woods, highlights the company's strong financial and operational performance in 2023, its strategy for balancing energy supply with emissions reduction, and significant investments in lower-emission solutions and strategic acquisitions.",pdf_raw_text
"Bell Atlantic Corp. v. Twombly, 550 U.S. 544 (2007) .pdf","This document is very likely the official U.S. Supreme Court opinion for the landmark case *Bell Atlantic Corp. v. Twombly*. The excerpt shows the case title, argument and decision dates (November 27, 2006, and May 21, 2007, respectively), and page numbers from the United States Reports (550 U.S. 544). Therefore, the full document contains the Court's legal reasoning and ruling for this significant antitrust and pleading standards case.",pdf_raw_text
META-Q3-2024-Earnings-Call-Transcript.pdf,"This document is a transcript of Meta Platforms' Third Quarter 2024 Earnings Conference Call. It features discussions from CEO Mark Zuckerberg and CFO Susan Li.

Mark Zuckerberg highlights strong performance across Meta's apps, significant advancements and adoption of Meta AI and Llama, and progress in Reality Labs with products like Ray-Ban Meta glasses and Quest 3S. Susan Li then details the financial results for the quarter, including total revenue, expenses, operating income, and capital expenditures. The document provides insights into Meta's strategic direction, particularly regarding AI and future computing platforms, alongside its financial health.",pdf_raw_text
META-Q1-2025-Earnings-Call-Transcript-1.pdf,"This document is a transcript of Meta Platforms' First Quarter 2025 earnings conference call. CEO Mark Zuckerberg details the company's strong start to the year, highlighting community growth and business performance. The core focus is on how AI is transforming Meta, outlining five major opportunities: improved advertising, more engaging user experiences, expanding business messaging, developing Meta AI, and investing in AI devices like smart glasses. Meta is significantly accelerating its investments in AI models and infrastructure to pursue general intelligence.",pdf_raw_text
Foxtel Management Pty Limited_130.pdf,"Based on the excerpt, the full document is very likely a **Syndicated Facility Agreement**.

It details a financial arrangement where Foxtel Management Pty Limited is the borrower, securing funding from a syndicate of lenders. Commonwealth Bank of Australia acts as the Facility Agent, alongside various Mandated Lead Arrangers, Bookrunners, and Initial Financiers. This extensive legal document (120 pages) likely outlines the comprehensive terms, conditions, and roles governing this significant multi-party loan.",pdf_raw_text
"Eastman Kodak Co. v. Image Technical Services, Inc., 504 U.S. 451 (1992) .pdf","This document is likely a Supreme Court case decision from 1992, specifically **Eastman Kodak Co. v. Image Technical Services, Inc.** The excerpt details the judges involved, including the majority opinion delivered by Justice Blackmun and a dissenting opinion by Justice Scalia, and lists the legal counsel for both parties and for various amici curiae.

The case appears to involve significant issues of competition or antitrust law concerning business practices, as evidenced by the involvement of the United States as amicus curiae and several industry associations (like the Computer and Business Equipment Manufacturers Association and Motor Vehicle Manufacturers Association) filing briefs urging reversal. It likely deals with Eastman Kodak's policies regarding service or parts for its equipment and the impact on independent service organizations like Image Technical Services.",pdf_raw_text
1022 - Air India _ Tata SIA.pdf,"This document is an **order or notice from the Competition Commission of India (CCI)** regarding a significant transaction in the Indian civil aviation sector. It concerns a proposed ""combination"" (merger/acquisition) involving several entities: Tata Sons Private Limited (TSPL), Singapore Airlines Limited (SIA), Air India Limited (AIL), and Tata SIA Airlines Limited (Vistara). The CCI is assessing this combination under the Competition Act, 2002, to ensure fair competition.",pdf_raw_text
CCI Combination Guide.pdf,"This document, titled ""CCI Combination Guide.pdf"", is a detailed guide to merger control laws and regulations in India, specifically pertaining to the Competition Commission of India (CCI). It outlines the legal framework for ""combinations"" (mergers, acquisitions, and amalgamations), mandatory notification requirements, and the financial thresholds that trigger review. The guide also defines ""control"" within the context of Indian competition law and lists circumstances under which certain transactions, including minority interest acquisitions, may be exempt from notification.",pdf_raw_text
11. C-2015-07-288.pdf,"This document is an Order issued by the Competition Commission of India (CCI) regarding a proposed acquisition. It details the review process for PVR Limited's acquisition of DLF Utilities Limited's (DUL) film exhibition business, which includes 39 cinema screens. The CCI undertook an extensive information gathering process from PVR, DUL, and various third parties (including competitors and real estate developers) to conduct a competition assessment. The full document will likely present the CCI's findings and final decision on whether to approve this combination under the Competition Act, 2002.",pdf_raw_text
"United States v. Socony-Vacuum Oil Co., Inc., 310 U.S. 150 (1940) .pdf","This document is the official Supreme Court opinion for the case *United States v. Socony-Vacuum Oil Co., Inc.*, decided on May 6, 1940. The excerpt provides the case title, its citation (310 U.S. 150), and the dates of oral arguments. It also mentions a related case, *Socony-Vacuum Oil Co., Inc. et al. v. United States*, which was also heard on a writ of certiorari from the Seventh Circuit Court of Appeals. The full document will detail the legal arguments, facts, and the Supreme Court's ruling on the issues presented in this case involving the United States government and a major oil company.",pdf_raw_text
"Standard Oil Co. of New Jersey v. United States, 221 U.S. 1 (1911) .pdf","This document is the syllabus (summary of legal points) of the Supreme Court's landmark decision in *Standard Oil Co. of New Jersey v. United States*. It addresses the interpretation of the Sherman Anti-Trust Act of 1890, specifically introducing the ""rule of reason"" doctrine.

The Court ruled that the Anti-trust Act prohibits only *unreasonable* or *undue* restraints of trade and that Standard Oil's combination constituted such an unreasonable restraint. The document also delves into the historical context of anti-monopoly law and clarifies how previous rulings should be understood in light of this new interpretation.",pdf_raw_text
1649061896992.PDF,"This document is a **Draft Red Herring Prospectus (DRHP)** for an Initial Public Offering (IPO) of KFIN TECHNOLOGIES LIMITED. It outlines the details of an offer for sale of equity shares by its promoter, General Atlantic Singapore Fund Pte. Ltd., aiming to raise up to ₹24,000 million. The prospectus provides essential information about the company, its financial performance, risks associated with the investment, and the procedures for the book-built offer, intended for potential investors.",pdf_raw_text
"Brown Shoe Co., Inc. v. United States, 370 U.S. 294 (1962) .pdf","This document is very likely the official United States Supreme Court opinion for the case *Brown Shoe Co., Inc. v. United States*, decided in 1962.

The document details the beginning of a lawsuit initiated by the U.S. Government in 1955 against Brown Shoe Company, Inc., alleging that its proposed merger with G. R. Kinney Company, Inc., would violate Section 7 of the Clayton Act by substantially lessening competition or tending to create a monopoly. The government sought to prevent the merger, but it was allowed to proceed with the condition that the businesses operate separately.",pdf_raw_text
META-Q2-2024-Earnings-Call-Transcript.pdf,"This document is a transcript of Meta Platforms' Q2 2024 earnings conference call, held on July 31st, 2024. CEO Mark Zuckerberg discusses a strong quarter with significant user growth across Meta's apps, including Facebook, Instagram, Threads, and WhatsApp, noting particular success with young adults and in the US. A dominant theme is the pervasive role of AI, detailed in its application for improving existing products, enabling new experiences like Meta AI and AI Studio, and its importance to Meta's open-source Llama models and future infrastructure investments. The call also touches on how AI is shaping the company's long-term metaverse strategy.",pdf_raw_text
Incorporation Requirement List_Updated.xlsx,"This document appears to be a comprehensive checklist and information gathering sheet for the **incorporation of a private company**, specifically tailored for cases involving **foreign individuals or entities**. It meticulously details all the information required about the proposed company (name, objects, contact details), its directors/shareholders (personal details, roles, shareholding pattern), and the financial structure (share capital). Additionally, it lists all the necessary documents, with specific instructions for Indian and foreign nationals, required to complete the incorporation process.",excel_full_read
1652423343024.pdf,"This document is very likely a **Draft Red Herring Prospectus (DRHP)** for an Initial Public Offering (IPO) by Pristine Logistics & Infraprojects Limited.

It details the proposed public issue of equity shares, comprising both a fresh issue by the company and an offer for sale by existing promoters, promoter group members, and investor selling shareholders. The document outlines the offer structure, key risks associated with the investment, and identifies the book-running lead managers and registrar involved in the offering, which is intended to be listed on BSE and NSE.",pdf_raw_text
NVCA-Model-Document-Investor-Rights-Agreement.docx,"This document is an Investors' Rights Agreement, a legal contract between a company and its investors. It primarily outlines the rights granted to the investors, which commonly include registration rights enabling them to sell their shares publicly, information rights allowing access to the company's financial and operational data, and preemptive rights (or rights of first offer) to participate in future equity offerings. The agreement also details various post-closing covenants the company must uphold, ensuring investor protections and participation in key company events.",docx_raw_text
4. C-2015-07-288.pdf,"This document is an **order issued by the Competition Commission of India (CCI)**. It details the CCI's review and decision regarding a proposed combination (merger/acquisition) where PVR Limited intends to acquire the film exhibition business of DLF Utilities Limited.

The CCI conducted a thorough inquiry, gathering extensive information from PVR, other multiplex operators, film distributors, and real estate developers, to assess the potential competitive impact of this acquisition. The order is issued under Section 31(7) of the Competition Act, 2002, signifying the Commission's final determination on whether to approve, reject, or approve with modifications, the proposed combination.",pdf_ocr
